state_canonical,state_code,year_month,upi_volume_million,upi_value_crore
Andaman and Nicobar Islands,AN,2023-04-01,1.6,334.49
Andhra Pradesh,AP,2023-04-01,279.96,59444.05
Arunachal Pradesh,AR,2023-04-01,6.62,1341.62
Assam,AS,2023-04-01,81.02,14333.08
Bihar,BR,2023-04-01,267.97,48787.79
Chandigarh,CH,2023-04-01,18.64,2531.42
Chhattisgarh,CG,2023-04-01,78.23,11254.99
Dadra and Nagar Haveli and Daman and Diu,DN,2023-04-01,5.67,641.58
Delhi,DL,2023-04-01,330.04,46799.01
Goa,GA,2023-04-01,20.03,2988.02
Gujarat,GJ,2023-04-01,280.81,46154.94
Haryana,HR,2023-04-01,225.35,35256.24
Himachal Pradesh,HP,2023-04-01,34.96,4786.04
Jammu and Kashmir,JK,2023-04-01,28.44,4783.74
Jharkhand,JH,2023-04-01,93.42,14905.34
Karnataka,KA,2023-04-01,772.62,114007.15
Kerala,KL,2023-04-01,201.13,31243.16
Ladakh,LA,2023-04-01,1.39,368.52
Lakshadweep,LD,2023-04-01,0.09,23.34
Madhya Pradesh,MP,2023-04-01,375.53,56076.31
Maharashtra,MH,2023-04-01,1859.79,260344.8
Manipur,MN,2023-04-01,8.19,2155.67
Meghalaya,ML,2023-04-01,4.26,852.3
Mizoram,MZ,2023-04-01,3.25,774.43
Nagaland,NL,2023-04-01,3.64,982.4
Odisha,OR,2023-04-01,184.79,28296.73
Puducherry,PY,2023-04-01,9.52,1432.15
Punjab,PB,2023-04-01,123.33,21576.93
Rajasthan,RJ,2023-04-01,391.83,64347.76
Sikkim,SK,2023-04-01,3.44,660.99
Tamil Nadu,TN,2023-04-01,433.99,73484.77
Telangana,TG,2023-04-01,683.07,121761.16
Tripura,TR,2023-04-01,5.52,993.56
Uttar Pradesh,UP,2023-04-01,569.78,87585.09
Uttarakhand,UK,2023-04-01,79.24,11091.58
West Bengal,WB,2023-04-01,233.46,43922.05
Andaman and Nicobar Islands,AN,2023-05-01,1.66,336.3
Andhra Pradesh,AP,2023-05-01,300.2,64986.38
Arunachal Pradesh,AR,2023-05-01,7.22,1332.48
Assam,AS,2023-05-01,90.18,14937.13
Bihar,BR,2023-05-01,280.34,51363.73
Chandigarh,CH,2023-05-01,18.42,2496.89
Chhattisgarh,CG,2023-05-01,80.75,11514.29
Dadra and Nagar Haveli and Daman and Diu,DN,2023-05-01,5.69,664.54
Delhi,DL,2023-05-01,387.94,55560.85
Goa,GA,2023-05-01,19.87,2965.09
Gujarat,GJ,2023-05-01,288.57,47894.81
Haryana,HR,2023-05-01,231.21,36868.32
Himachal Pradesh,HP,2023-05-01,38.5,5312.81
Jammu and Kashmir,JK,2023-05-01,32.13,5046.91
Jharkhand,JH,2023-05-01,93.45,14415.31
Karnataka,KA,2023-05-01,797.62,118039.69
Kerala,KL,2023-05-01,219.5,34118.36
Ladakh,LA,2023-05-01,1.72,412.84
Lakshadweep,LD,2023-05-01,0.08,21.79
Madhya Pradesh,MP,2023-05-01,397.53,59740.76
Maharashtra,MH,2023-05-01,1859.62,258141.08
Manipur,MN,2023-05-01,2.7,669.27
Meghalaya,ML,2023-05-01,4.4,839.74
Mizoram,MZ,2023-05-01,3.75,910.78
Nagaland,NL,2023-05-01,4.07,1045.51
Odisha,OR,2023-05-01,198.14,30136.96
Puducherry,PY,2023-05-01,10.06,1508.72
Punjab,PB,2023-05-01,129.87,23478.73
Rajasthan,RJ,2023-05-01,382.58,63055.85
Sikkim,SK,2023-05-01,3.79,719.96
Tamil Nadu,TN,2023-05-01,459.82,78145.83
Telangana,TG,2023-05-01,716.76,129532.28
Tripura,TR,2023-05-01,5.95,1016.47
Uttar Pradesh,UP,2023-05-01,612.76,94729.13
Uttarakhand,UK,2023-05-01,85.32,11994.84
West Bengal,WB,2023-05-01,263.52,48233.44
Andaman and Nicobar Islands,AN,2023-06-01,1.56,305.91
Andhra Pradesh,AP,2023-06-01,295.26,62976.99
Arunachal Pradesh,AR,2023-06-01,7.69,1376.41
Assam,AS,2023-06-01,89.22,14075.95
Bihar,BR,2023-06-01,262.96,48095.78
Chandigarh,CH,2023-06-01,17.6,2430.14
Chhattisgarh,CG,2023-06-01,73.13,10536.22
Dadra and Nagar Haveli and Daman and Diu,DN,2023-06-01,5.35,651.41
Delhi,DL,2023-06-01,386.86,54882.65
Goa,GA,2023-06-01,18.53,2779.41
Gujarat,GJ,2023-06-01,277.76,46487.59
Haryana,HR,2023-06-01,226.29,35090.23
Himachal Pradesh,HP,2023-06-01,37.47,5510.42
Jammu and Kashmir,JK,2023-06-01,30.84,5058.35
Jharkhand,JH,2023-06-01,88.77,13802.1
Karnataka,KA,2023-06-01,812.5,116958.14
Kerala,KL,2023-06-01,215.06,32879.15
Ladakh,LA,2023-06-01,1.81,454.94
Lakshadweep,LD,2023-06-01,0.08,20.5
Madhya Pradesh,MP,2023-06-01,427.33,63711.04
Maharashtra,MH,2023-06-01,1958.64,274244.34
Manipur,MN,2023-06-01,1.9,497.29
Meghalaya,ML,2023-06-01,4.22,811.42
Mizoram,MZ,2023-06-01,3.74,905.89
Nagaland,NL,2023-06-01,5.03,1176.33
Odisha,OR,2023-06-01,197.7,30051.56
Puducherry,PY,2023-06-01,10.24,1551.66
Punjab,PB,2023-06-01,124.17,22242.08
Rajasthan,RJ,2023-06-01,337.69,55593.65
Sikkim,SK,2023-06-01,3.91,718.62
Tamil Nadu,TN,2023-06-01,458.92,79245.18
Telangana,TG,2023-06-01,710.27,129049.85
Tripura,TR,2023-06-01,5.62,980.89
Uttar Pradesh,UP,2023-06-01,596.11,90290.44
Uttarakhand,UK,2023-06-01,79.35,11384.06
West Bengal,WB,2023-06-01,273.83,49603.55
Andaman and Nicobar Islands,AN,2023-07-01,1.69,318.73
Andhra Pradesh,AP,2023-07-01,323.27,67084.86
Arunachal Pradesh,AR,2023-07-01,8.14,1373.51
Assam,AS,2023-07-01,96.55,14637.06
Bihar,BR,2023-07-01,281.52,46720.09
Chandigarh,CH,2023-07-01,18.75,2592.68
Chhattisgarh,CG,2023-07-01,84.67,11730.08
Dadra and Nagar Haveli and Daman and Diu,DN,2023-07-01,5.63,677.01
Delhi,DL,2023-07-01,397.81,54276.07
Goa,GA,2023-07-01,18.42,2746.69
Gujarat,GJ,2023-07-01,302.19,49555.82
Haryana,HR,2023-07-01,246.82,37267.08
Himachal Pradesh,HP,2023-07-01,33.86,4716.73
Jammu and Kashmir,JK,2023-07-01,32.26,5337.27
Jharkhand,JH,2023-07-01,96.74,14277.91
Karnataka,KA,2023-07-01,870.28,122630.19
Kerala,KL,2023-07-01,224.03,33854.52
Ladakh,LA,2023-07-01,1.94,483.88
Lakshadweep,LD,2023-07-01,0.09,21.03
Madhya Pradesh,MP,2023-07-01,471.51,66620.88
Maharashtra,MH,2023-07-01,2034.12,278351.31
Manipur,MN,2023-07-01,1.59,475.02
Meghalaya,ML,2023-07-01,5.11,950.01
Mizoram,MZ,2023-07-01,4.03,923.43
Nagaland,NL,2023-07-01,5.14,1204.72
Odisha,OR,2023-07-01,208.06,31154.66
Puducherry,PY,2023-07-01,11.1,1653.48
Punjab,PB,2023-07-01,132.51,23480.6
Rajasthan,RJ,2023-07-01,405.86,63069.1
Sikkim,SK,2023-07-01,3.81,645.73
Tamil Nadu,TN,2023-07-01,494.19,83009.09
Telangana,TG,2023-07-01,720.58,127885.79
Tripura,TR,2023-07-01,6.24,1064.86
Uttar Pradesh,UP,2023-07-01,630.3,90963.74
Uttarakhand,UK,2023-07-01,78.54,10785.35
West Bengal,WB,2023-07-01,289.59,50112.15
Andaman and Nicobar Islands,AN,2023-08-01,1.84,338.88
Andhra Pradesh,AP,2023-08-01,349.58,69909.85
Arunachal Pradesh,AR,2023-08-01,8.78,1434.45
Assam,AS,2023-08-01,105.93,15516.16
Bihar,BR,2023-08-01,307.74,47814.69
Chandigarh,CH,2023-08-01,21.26,2829.23
Chhattisgarh,CG,2023-08-01,97.25,12772.92
Dadra and Nagar Haveli and Daman and Diu,DN,2023-08-01,6.23,698.87
Delhi,DL,2023-08-01,404.03,52953.64
Goa,GA,2023-08-01,20.95,2970.56
Gujarat,GJ,2023-08-01,325.34,51778.19
Haryana,HR,2023-08-01,255.9,38322.05
Himachal Pradesh,HP,2023-08-01,35.23,4698.18
Jammu and Kashmir,JK,2023-08-01,34.8,5283.63
Jharkhand,JH,2023-08-01,104.67,14547.31
Karnataka,KA,2023-08-01,924.36,126876.33
Kerala,KL,2023-08-01,249.36,37438.7
Ladakh,LA,2023-08-01,2.05,480.89
Lakshadweep,LD,2023-08-01,0.11,23.1
Madhya Pradesh,MP,2023-08-01,502.8,67895.74
Maharashtra,MH,2023-08-01,2119.31,282946.53
Manipur,MN,2023-08-01,2.29,770.73
Meghalaya,ML,2023-08-01,6.11,1098.18
Mizoram,MZ,2023-08-01,4.27,939.12
Nagaland,NL,2023-08-01,5.5,1245.07
Odisha,OR,2023-08-01,220.05,30594.38
Puducherry,PY,2023-08-01,11.56,1708.52
Punjab,PB,2023-08-01,147.14,24812.53
Rajasthan,RJ,2023-08-01,459.93,69380.56
Sikkim,SK,2023-08-01,3.87,644.83
Tamil Nadu,TN,2023-08-01,511.03,84388.17
Telangana,TG,2023-08-01,753.64,127817.82
Tripura,TR,2023-08-01,6.75,1123.71
Uttar Pradesh,UP,2023-08-01,678.37,94133.08
Uttarakhand,UK,2023-08-01,81.71,10706.66
West Bengal,WB,2023-08-01,286.09,48819.44
Andaman and Nicobar Islands,AN,2023-09-01,1.87,347.87
Andhra Pradesh,AP,2023-09-01,336.99,67178.11
Arunachal Pradesh,AR,2023-09-01,9.41,1498.65
Assam,AS,2023-09-01,110.01,15968.78
Bihar,BR,2023-09-01,305.39,48595.98
Chandigarh,CH,2023-09-01,21.45,2853.16
Chhattisgarh,CG,2023-09-01,97.4,12764.1
Dadra and Nagar Haveli and Daman and Diu,DN,2023-09-01,6.32,718.59
Delhi,DL,2023-09-01,416.31,55139.92
Goa,GA,2023-09-01,20.69,3017.62
Gujarat,GJ,2023-09-01,319.31,51590.99
Haryana,HR,2023-09-01,265.59,39655.16
Himachal Pradesh,HP,2023-09-01,36.61,5035.77
Jammu and Kashmir,JK,2023-09-01,35.83,5399.43
Jharkhand,JH,2023-09-01,104.08,14937.74
Karnataka,KA,2023-09-01,896.89,125683.26
Kerala,KL,2023-09-01,237.42,35412.25
Ladakh,LA,2023-09-01,2.1,481.1
Lakshadweep,LD,2023-09-01,0.13,25.16
Madhya Pradesh,MP,2023-09-01,512.81,69250.13
Maharashtra,MH,2023-09-01,2156.02,286792.45
Manipur,MN,2023-09-01,3.53,1069.54
Meghalaya,ML,2023-09-01,5.41,959.02
Mizoram,MZ,2023-09-01,4.6,1000.59
Nagaland,NL,2023-09-01,5.64,1240.15
Odisha,OR,2023-09-01,224.43,31146.94
Puducherry,PY,2023-09-01,11.4,1688.3
Punjab,PB,2023-09-01,146.64,24711.78
Rajasthan,RJ,2023-09-01,431.28,66104.53
Sikkim,SK,2023-09-01,4.1,683.81
Tamil Nadu,TN,2023-09-01,521.85,85968.46
Telangana,TG,2023-09-01,713.29,121128.45
Tripura,TR,2023-09-01,7.52,1274.91
Uttar Pradesh,UP,2023-09-01,680.36,95195.96
Uttarakhand,UK,2023-09-01,83.19,11010.69
West Bengal,WB,2023-09-01,280.3,48707.55
Andaman and Nicobar Islands,AN,2023-10-01,2.11,396.87
Andhra Pradesh,AP,2023-10-01,361.83,71941.95
Arunachal Pradesh,AR,2023-10-01,9.81,1604.37
Assam,AS,2023-10-01,120.12,17712.04
Bihar,BR,2023-10-01,343.88,54202.12
Chandigarh,CH,2023-10-01,23.01,3120.47
Chhattisgarh,CG,2023-10-01,101.78,13782.56
Dadra and Nagar Haveli and Daman and Diu,DN,2023-10-01,7.1,787.39
Delhi,DL,2023-10-01,449.9,60577.68
Goa,GA,2023-10-01,24.06,3467.39
Gujarat,GJ,2023-10-01,364.34,57809.55
Haryana,HR,2023-10-01,293.23,44962.4
Himachal Pradesh,HP,2023-10-01,41.56,5717.15
Jammu and Kashmir,JK,2023-10-01,39.88,6198.21
Jharkhand,JH,2023-10-01,118.93,16946.85
Karnataka,KA,2023-10-01,957.72,133243.89
Kerala,KL,2023-10-01,254.32,36657.16
Ladakh,LA,2023-10-01,2.02,468.85
Lakshadweep,LD,2023-10-01,0.17,30.13
Madhya Pradesh,MP,2023-10-01,588.01,81040.7
Maharashtra,MH,2023-10-01,2225.55,297168.32
Manipur,MN,2023-10-01,4.09,1333.58
Meghalaya,ML,2023-10-01,5.93,1063.95
Mizoram,MZ,2023-10-01,4.87,1067.95
Nagaland,NL,2023-10-01,6.03,1350.3
Odisha,OR,2023-10-01,243.43,34574.49
Puducherry,PY,2023-10-01,12.31,1767.06
Punjab,PB,2023-10-01,159.72,27543.17
Rajasthan,RJ,2023-10-01,461.98,72771.58
Sikkim,SK,2023-10-01,3.85,697.17
Tamil Nadu,TN,2023-10-01,538.52,87385.36
Telangana,TG,2023-10-01,778.04,132269.35
Tripura,TR,2023-10-01,8.47,1429.11
Uttar Pradesh,UP,2023-10-01,752.99,107856.43
Uttarakhand,UK,2023-10-01,96.06,13132.59
West Bengal,WB,2023-10-01,321.25,54677.68
Andaman and Nicobar Islands,AN,2023-11-01,2.22,427.62
Andhra Pradesh,AP,2023-11-01,376.19,74054.42
Arunachal Pradesh,AR,2023-11-01,10.24,1663.05
Assam,AS,2023-11-01,120.23,17829.16
Bihar,BR,2023-11-01,375.47,60451.55
Chandigarh,CH,2023-11-01,22.35,3189.81
Chhattisgarh,CG,2023-11-01,93.91,13195.54
Dadra and Nagar Haveli and Daman and Diu,DN,2023-11-01,7.13,835.34
Delhi,DL,2023-11-01,431.73,61568.09
Goa,GA,2023-11-01,24.47,3516.93
Gujarat,GJ,2023-11-01,338.54,58262.18
Haryana,HR,2023-11-01,279.29,45139.63
Himachal Pradesh,HP,2023-11-01,40.7,5732.29
Jammu and Kashmir,JK,2023-11-01,40.66,6345.35
Jharkhand,JH,2023-11-01,122.61,17742.21
Karnataka,KA,2023-11-01,935.02,132126.57
Kerala,KL,2023-11-01,258.38,36759.86
Ladakh,LA,2023-11-01,1.71,369.58
Lakshadweep,LD,2023-11-01,0.2,32.3
Madhya Pradesh,MP,2023-11-01,510.51,72171.99
Maharashtra,MH,2023-11-01,2083.44,289387.43
Manipur,MN,2023-11-01,4.29,1434.65
Meghalaya,ML,2023-11-01,6.55,1169.9
Mizoram,MZ,2023-11-01,5.4,1170.88
Nagaland,NL,2023-11-01,5.82,1349.79
Odisha,OR,2023-11-01,244.19,34247.19
Puducherry,PY,2023-11-01,11.83,1749
Punjab,PB,2023-11-01,154.3,28826.5
Rajasthan,RJ,2023-11-01,451.81,74471.53
Sikkim,SK,2023-11-01,3.84,662.18
Tamil Nadu,TN,2023-11-01,525.3,87369.93
Telangana,TG,2023-11-01,764.77,131905.47
Tripura,TR,2023-11-01,7.98,1343.51
Uttar Pradesh,UP,2023-11-01,786.83,118988.81
Uttarakhand,UK,2023-11-01,90.04,12869.19
West Bengal,WB,2023-11-01,312.97,53753.8
Andaman and Nicobar Islands,AN,2023-12-01,2.64,491.18
Andhra Pradesh,AP,2023-12-01,437.75,84149.99
Arunachal Pradesh,AR,2023-12-01,11.55,1937.35
Assam,AS,2023-12-01,117.11,17256.71
Bihar,BR,2023-12-01,332.74,55538.69
Chandigarh,CH,2023-12-01,20.47,2737.91
Chhattisgarh,CG,2023-12-01,106.17,14542.44
Dadra and Nagar Haveli and Daman and Diu,DN,2023-12-01,8.22,907.49
Delhi,DL,2023-12-01,358.56,49607.1
Goa,GA,2023-12-01,27.96,4110.01
Gujarat,GJ,2023-12-01,341.58,57762.41
Haryana,HR,2023-12-01,290.86,45897.55
Himachal Pradesh,HP,2023-12-01,42.16,5760.84
Jammu and Kashmir,JK,2023-12-01,39.71,6135.21
Jharkhand,JH,2023-12-01,132.25,19260.59
Karnataka,KA,2023-12-01,921.02,128746.92
Kerala,KL,2023-12-01,273.68,39059.74
Ladakh,LA,2023-12-01,1.74,368.7
Lakshadweep,LD,2023-12-01,0.25,36.4
Madhya Pradesh,MP,2023-12-01,384.08,53739.43
Maharashtra,MH,2023-12-01,1746.49,229753.56
Manipur,MN,2023-12-01,5.71,1630.29
Meghalaya,ML,2023-12-01,7.04,1341.47
Mizoram,MZ,2023-12-01,5.49,1217.18
Nagaland,NL,2023-12-01,5.56,1401.33
Odisha,OR,2023-12-01,239.01,34650.83
Puducherry,PY,2023-12-01,12.87,1834.69
Punjab,PB,2023-12-01,151.53,28595.01
Rajasthan,RJ,2023-12-01,458.04,74773.6
Sikkim,SK,2023-12-01,4.59,806.34
Tamil Nadu,TN,2023-12-01,511.92,83498.19
Telangana,TG,2023-12-01,679.54,118318.89
Tripura,TR,2023-12-01,8.26,1381.1
Uttar Pradesh,UP,2023-12-01,774.15,115581.23
Uttarakhand,UK,2023-12-01,82.74,11377.31
West Bengal,WB,2023-12-01,303.96,53216.78
Andaman and Nicobar Islands,AN,2024-01-01,2.65,493.51
Andhra Pradesh,AP,2024-01-01,465.48,90296.94
Arunachal Pradesh,AR,2024-01-01,11.25,1838.79
Assam,AS,2024-01-01,130.05,19230.38
Bihar,BR,2024-01-01,359.24,57546.14
Chandigarh,CH,2024-01-01,20.64,2843.49
Chhattisgarh,CG,2024-01-01,112.52,15870.58
Dadra and Nagar Haveli and Daman and Diu,DN,2024-01-01,8.7,952.91
Delhi,DL,2024-01-01,393.65,53572.83
Goa,GA,2024-01-01,29.59,4317.69
Gujarat,GJ,2024-01-01,376.73,62424.28
Haryana,HR,2024-01-01,302.68,46875.26
Himachal Pradesh,HP,2024-01-01,41.92,5787.9
Jammu and Kashmir,JK,2024-01-01,43.49,6368.15
Jharkhand,JH,2024-01-01,137.14,19328.2
Karnataka,KA,2024-01-01,987.74,136780.78
Kerala,KL,2024-01-01,282,40654.71
Ladakh,LA,2024-01-01,1.73,345.77
Lakshadweep,LD,2024-01-01,0.28,41.42
Madhya Pradesh,MP,2024-01-01,451.9,62297.59
Maharashtra,MH,2024-01-01,1729.3,230102.34
Manipur,MN,2024-01-01,6.47,1730.66
Meghalaya,ML,2024-01-01,6.53,1178.38
Mizoram,MZ,2024-01-01,5.23,1092.04
Nagaland,NL,2024-01-01,5.33,1259.1
Odisha,OR,2024-01-01,259.26,37962.41
Puducherry,PY,2024-01-01,13.25,1889.21
Punjab,PB,2024-01-01,154.33,28653.41
Rajasthan,RJ,2024-01-01,506.55,81026.02
Sikkim,SK,2024-01-01,4.58,786.07
Tamil Nadu,TN,2024-01-01,551.15,88612.57
Telangana,TG,2024-01-01,736.18,123049.67
Tripura,TR,2024-01-01,8.93,1475.69
Uttar Pradesh,UP,2024-01-01,821.19,118540.28
Uttarakhand,UK,2024-01-01,85.68,11783.03
West Bengal,WB,2024-01-01,334,57876.9
Andaman and Nicobar Islands,AN,2024-02-01,2.63,488.59
Andhra Pradesh,AP,2024-02-01,462.35,88395.93
Arunachal Pradesh,AR,2024-02-01,11.96,1942.21
Assam,AS,2024-02-01,149.14,21725.42
Bihar,BR,2024-02-01,400.48,65518.15
Chandigarh,CH,2024-02-01,22.07,3029.82
Chhattisgarh,CG,2024-02-01,115.6,16359.98
Dadra and Nagar Haveli and Daman and Diu,DN,2024-02-01,8.57,961.27
Delhi,DL,2024-02-01,423.75,57779.48
Goa,GA,2024-02-01,29.94,4282.86
Gujarat,GJ,2024-02-01,392.48,65150.33
Haryana,HR,2024-02-01,298.65,46490.93
Himachal Pradesh,HP,2024-02-01,42.98,5847.83
Jammu and Kashmir,JK,2024-02-01,45.24,6584.35
Jharkhand,JH,2024-02-01,141.46,20410.18
Karnataka,KA,2024-02-01,1038.59,144752.39
Kerala,KL,2024-02-01,287.59,40495.11
Ladakh,LA,2024-02-01,1.68,339.04
Lakshadweep,LD,2024-02-01,0.29,40.12
Madhya Pradesh,MP,2024-02-01,493.37,68550.32
Maharashtra,MH,2024-02-01,1738.47,231170.06
Manipur,MN,2024-02-01,6.41,1756.54
Meghalaya,ML,2024-02-01,7.73,1350.39
Mizoram,MZ,2024-02-01,5.98,1229.93
Nagaland,NL,2024-02-01,6.17,1402.9
Odisha,OR,2024-02-01,277.08,40959.41
Puducherry,PY,2024-02-01,13.58,1962.33
Punjab,PB,2024-02-01,160.29,28920.21
Rajasthan,RJ,2024-02-01,540.32,86997.16
Sikkim,SK,2024-02-01,4.82,795.78
Tamil Nadu,TN,2024-02-01,592.63,95903.84
Telangana,TG,2024-02-01,799.49,131906.83
Tripura,TR,2024-02-01,10.15,1676.39
Uttar Pradesh,UP,2024-02-01,877.83,130330.17
Uttarakhand,UK,2024-02-01,84.78,11651.77
West Bengal,WB,2024-02-01,354.85,61540.67
Andaman and Nicobar Islands,AN,2024-03-01,2.95,525.36
Andhra Pradesh,AP,2024-03-01,515.34,97168.4
Arunachal Pradesh,AR,2024-03-01,14.3,2266.76
Assam,AS,2024-03-01,166.53,24035.14
Bihar,BR,2024-03-01,455.84,72235.02
Chandigarh,CH,2024-03-01,26.64,3422.7
Chhattisgarh,CG,2024-03-01,131.55,17789.07
Dadra and Nagar Haveli and Daman and Diu,DN,2024-03-01,9.77,1033.38
Delhi,DL,2024-03-01,469.67,59757.19
Goa,GA,2024-03-01,30.22,4197.43
Gujarat,GJ,2024-03-01,439.51,68656.44
Haryana,HR,2024-03-01,351.2,50497.34
Himachal Pradesh,HP,2024-03-01,51.93,6624.41
Jammu and Kashmir,JK,2024-03-01,53.84,7489.54
Jharkhand,JH,2024-03-01,157.45,22507.82
Karnataka,KA,2024-03-01,1142.17,156929.06
Kerala,KL,2024-03-01,309.81,44213.71
Ladakh,LA,2024-03-01,2.11,382.57
Lakshadweep,LD,2024-03-01,0.32,44.73
Madhya Pradesh,MP,2024-03-01,575.54,76913.9
Maharashtra,MH,2024-03-01,1826.53,250484.52
Manipur,MN,2024-03-01,8.53,2149.56
Meghalaya,ML,2024-03-01,9.6,1527.77
Mizoram,MZ,2024-03-01,6.53,1328.97
Nagaland,NL,2024-03-01,8,1688.06
Odisha,OR,2024-03-01,310,43820.87
Puducherry,PY,2024-03-01,14.54,2067.05
Punjab,PB,2024-03-01,186.18,31180.39
Rajasthan,RJ,2024-03-01,599.75,91202.44
Sikkim,SK,2024-03-01,5.64,890.91
Tamil Nadu,TN,2024-03-01,656.26,103876.55
Telangana,TG,2024-03-01,887.13,141964.06
Tripura,TR,2024-03-01,11.03,1789.75
Uttar Pradesh,UP,2024-03-01,1000.03,140637.92
Uttarakhand,UK,2024-03-01,96.44,12359.89
West Bengal,WB,2024-03-01,386,66683.59
Andaman and Nicobar Islands,AN,2024-04-01,3,535.64
Andhra Pradesh,AP,2024-04-01,513.63,98416.61
Arunachal Pradesh,AR,2024-04-01,12.69,2321.35
Assam,AS,2024-04-01,171.13,23893.99
Bihar,BR,2024-04-01,475.94,75106.9
Chandigarh,CH,2024-04-01,27.9,3619.8
Chhattisgarh,CG,2024-04-01,129.73,17607.35
Dadra and Nagar Haveli and Daman and Diu,DN,2024-04-01,9.42,990.81
Delhi,DL,2024-04-01,463.58,58505.66
Goa,GA,2024-04-01,27.96,3945.63
Gujarat,GJ,2024-04-01,431.65,66727
Haryana,HR,2024-04-01,349.9,50557.95
Himachal Pradesh,HP,2024-04-01,55.17,6913.91
Jammu and Kashmir,JK,2024-04-01,60.25,8502.35
Jharkhand,JH,2024-04-01,158.97,22618.61
Karnataka,KA,2024-04-01,1095.55,153489.72
Kerala,KL,2024-04-01,311.31,44570.14
Ladakh,LA,2024-04-01,2.7,532.87
Lakshadweep,LD,2024-04-01,0.36,49.41
Madhya Pradesh,MP,2024-04-01,581.87,80171.32
Maharashtra,MH,2024-04-01,1779.25,245463.14
Manipur,MN,2024-04-01,8.62,2111.38
Meghalaya,ML,2024-04-01,9.69,1479.23
Mizoram,MZ,2024-04-01,6.67,1282.48
Nagaland,NL,2024-04-01,8.16,1632.88
Odisha,OR,2024-04-01,295.47,40347.56
Puducherry,PY,2024-04-01,14.08,2006.9
Punjab,PB,2024-04-01,187.49,30985.4
Rajasthan,RJ,2024-04-01,586.35,89437.41
Sikkim,SK,2024-04-01,5.39,891
Tamil Nadu,TN,2024-04-01,638.48,101057.95
Telangana,TG,2024-04-01,851.14,138376.57
Tripura,TR,2024-04-01,10.75,1653.37
Uttar Pradesh,UP,2024-04-01,1007.12,141875.13
Uttarakhand,UK,2024-04-01,106.39,13493.01
West Bengal,WB,2024-04-01,387.08,64939.85
Andaman and Nicobar Islands,AN,2024-05-01,3.01,544.81
Andhra Pradesh,AP,2024-05-01,526.34,98342.9
Arunachal Pradesh,AR,2024-05-01,15.39,2353.22
Assam,AS,2024-05-01,185.21,23768.3
Bihar,BR,2024-05-01,495.22,75277.17
Chandigarh,CH,2024-05-01,30.06,3817.52
Chhattisgarh,CG,2024-05-01,138.69,18325.33
Dadra and Nagar Haveli and Daman and Diu,DN,2024-05-01,10.13,1049.42
Delhi,DL,2024-05-01,500.74,59874.83
Goa,GA,2024-05-01,29.77,4238.4
Gujarat,GJ,2024-05-01,457.4,70407.04
Haryana,HR,2024-05-01,378.41,54556.73
Himachal Pradesh,HP,2024-05-01,61.56,7654.18
Jammu and Kashmir,JK,2024-05-01,67.16,9133.63
Jharkhand,JH,2024-05-01,163.73,22163.69
Karnataka,KA,2024-05-01,1155.25,162894.87
Kerala,KL,2024-05-01,323.84,47360.2
Ladakh,LA,2024-05-01,3.36,653.08
Lakshadweep,LD,2024-05-01,0.37,48.44
Madhya Pradesh,MP,2024-05-01,600.07,80623.19
Maharashtra,MH,2024-05-01,1857.65,253405.96
Manipur,MN,2024-05-01,8.71,2161.9
Meghalaya,ML,2024-05-01,10.73,1563.37
Mizoram,MZ,2024-05-01,7.11,1378.69
Nagaland,NL,2024-05-01,9.68,1838.71
Odisha,OR,2024-05-01,311.37,42185
Puducherry,PY,2024-05-01,15.09,2147.5
Punjab,PB,2024-05-01,203.58,34023.49
Rajasthan,RJ,2024-05-01,630.93,94794.85
Sikkim,SK,2024-05-01,6.38,1051.32
Tamil Nadu,TN,2024-05-01,671.77,107752.55
Telangana,TG,2024-05-01,870.16,141990.78
Tripura,TR,2024-05-01,10.98,1615.12
Uttar Pradesh,UP,2024-05-01,1064.6,141188.23
Uttarakhand,UK,2024-05-01,114.22,14717.76
West Bengal,WB,2024-05-01,404.75,66216.65
Andaman and Nicobar Islands,AN,2024-06-01,2.9,489.58
Andhra Pradesh,AP,2024-06-01,514.47,94162.9
Arunachal Pradesh,AR,2024-06-01,15.05,2158.51
Assam,AS,2024-06-01,185.41,22657.67
Bihar,BR,2024-06-01,486.02,73741.4
Chandigarh,CH,2024-06-01,27.18,3446.21
Chhattisgarh,CG,2024-06-01,135.97,18173.83
Dadra and Nagar Haveli and Daman and Diu,DN,2024-06-01,10.21,1063.82
Delhi,DL,2024-06-01,469.85,56600.66
Goa,GA,2024-06-01,27.92,4020.18
Gujarat,GJ,2024-06-01,452.59,68664.93
Haryana,HR,2024-06-01,363.84,50928.34
Himachal Pradesh,HP,2024-06-01,60.51,7786.25
Jammu and Kashmir,JK,2024-06-01,66.81,9257.4
Jharkhand,JH,2024-06-01,162.72,22088.48
Karnataka,KA,2024-06-01,1140.18,158022.89
Kerala,KL,2024-06-01,312.74,44455.91
Ladakh,LA,2024-06-01,3.87,792.33
Lakshadweep,LD,2024-06-01,0.35,40.58
Madhya Pradesh,MP,2024-06-01,567.43,75744.52
Maharashtra,MH,2024-06-01,1827.94,252008.51
Manipur,MN,2024-06-01,9.04,2164.6
Meghalaya,ML,2024-06-01,10.72,1500.13
Mizoram,MZ,2024-06-01,7.02,1313.47
Nagaland,NL,2024-06-01,9.46,1682.06
Odisha,OR,2024-06-01,311.53,41961.3
Puducherry,PY,2024-06-01,14.97,2128.41
Punjab,PB,2024-06-01,189.55,31019.54
Rajasthan,RJ,2024-06-01,615.97,90403.66
Sikkim,SK,2024-06-01,6.04,934.34
Tamil Nadu,TN,2024-06-01,663.61,107352.87
Telangana,TG,2024-06-01,878.6,142465.64
Tripura,TR,2024-06-01,10.8,1581.02
Uttar Pradesh,UP,2024-06-01,1018.74,133867.63
Uttarakhand,UK,2024-06-01,107.43,13873.68
West Bengal,WB,2024-06-01,421.23,68076.9
Andaman and Nicobar Islands,AN,2024-07-01,2.99,491.7
Andhra Pradesh,AP,2024-07-01,535.67,97187.27
Arunachal Pradesh,AR,2024-07-01,15.73,2182.02
Assam,AS,2024-07-01,186.19,22156.74
Bihar,BR,2024-07-01,481.01,70842.67
Chandigarh,CH,2024-07-01,28.39,3700.09
Chhattisgarh,CG,2024-07-01,135.5,17785.47
Dadra and Nagar Haveli and Daman and Diu,DN,2024-07-01,9.64,1022.7
Delhi,DL,2024-07-01,452.93,56673.15
Goa,GA,2024-07-01,25.66,3695.04
Gujarat,GJ,2024-07-01,453.24,69129.55
Haryana,HR,2024-07-01,360.77,51482.87
Himachal Pradesh,HP,2024-07-01,52.82,6898.38
Jammu and Kashmir,JK,2024-07-01,66.47,9241.72
Jharkhand,JH,2024-07-01,168.74,23060.05
Karnataka,KA,2024-07-01,1168.35,159553.82
Kerala,KL,2024-07-01,315.38,44478.13
Ladakh,LA,2024-07-01,3.88,770.2
Lakshadweep,LD,2024-07-01,0.35,39.56
Madhya Pradesh,MP,2024-07-01,577.98,75482.42
Maharashtra,MH,2024-07-01,1855.4,249506.36
Manipur,MN,2024-07-01,9.74,2258.33
Meghalaya,ML,2024-07-01,11.17,1574.17
Mizoram,MZ,2024-07-01,7.21,1298.71
Nagaland,NL,2024-07-01,10.11,1738.49
Odisha,OR,2024-07-01,320.19,43116.58
Puducherry,PY,2024-07-01,15.23,2149.67
Punjab,PB,2024-07-01,187.81,31460.15
Rajasthan,RJ,2024-07-01,630.17,92634.63
Sikkim,SK,2024-07-01,5.92,855.82
Tamil Nadu,TN,2024-07-01,677.2,106563.19
Telangana,TG,2024-07-01,893.66,142350.66
Tripura,TR,2024-07-01,10.75,1598.7
Uttar Pradesh,UP,2024-07-01,997.05,132974.21
Uttarakhand,UK,2024-07-01,97.26,12476.1
West Bengal,WB,2024-07-01,429.78,68677.12
Andaman and Nicobar Islands,AN,2024-08-01,3,489.24
Andhra Pradesh,AP,2024-08-01,555.05,99099.85
Arunachal Pradesh,AR,2024-08-01,14.91,2052.75
Assam,AS,2024-08-01,179.44,21310.73
Bihar,BR,2024-08-01,466.15,65935.33
Chandigarh,CH,2024-08-01,26.22,3306.96
Chhattisgarh,CG,2024-08-01,133.83,16912.86
Dadra and Nagar Haveli and Daman and Diu,DN,2024-08-01,9.72,992.73
Delhi,DL,2024-08-01,400.67,49497.98
Goa,GA,2024-08-01,27.16,3783.78
Gujarat,GJ,2024-08-01,435.29,65381.35
Haryana,HR,2024-08-01,328.91,46509.17
Himachal Pradesh,HP,2024-08-01,48.66,6252.15
Jammu and Kashmir,JK,2024-08-01,63.18,8803.92
Jharkhand,JH,2024-08-01,158.2,20378.75
Karnataka,KA,2024-08-01,1182.92,160368.38
Kerala,KL,2024-08-01,328.82,45879.13
Ladakh,LA,2024-08-01,3.5,705.94
Lakshadweep,LD,2024-08-01,0.37,41.4
Madhya Pradesh,MP,2024-08-01,558.88,70795.32
Maharashtra,MH,2024-08-01,1884.85,236602.01
Manipur,MN,2024-08-01,9.73,2194.45
Meghalaya,ML,2024-08-01,9.89,1454.13
Mizoram,MZ,2024-08-01,7.22,1281.44
Nagaland,NL,2024-08-01,8.77,1564.87
Odisha,OR,2024-08-01,318.71,39936.62
Puducherry,PY,2024-08-01,15.12,2135.31
Punjab,PB,2024-08-01,175.29,28217.51
Rajasthan,RJ,2024-08-01,597.32,84947.05
Sikkim,SK,2024-08-01,5.78,813.44
Tamil Nadu,TN,2024-08-01,677.8,105507.85
Telangana,TG,2024-08-01,918.97,144389.06
Tripura,TR,2024-08-01,9.87,1417.55
Uttar Pradesh,UP,2024-08-01,931.98,121507.51
Uttarakhand,UK,2024-08-01,94.7,11817.2
West Bengal,WB,2024-08-01,419.64,65053.05
Andaman and Nicobar Islands,AN,2024-09-01,3.03,490.42
Andhra Pradesh,AP,2024-09-01,542.1,94580.08
Arunachal Pradesh,AR,2024-09-01,14.94,1961.17
Assam,AS,2024-09-01,178.99,21297.03
Bihar,BR,2024-09-01,464.06,65536.16
Chandigarh,CH,2024-09-01,26.39,3242.29
Chhattisgarh,CG,2024-09-01,139.4,17367.52
Dadra and Nagar Haveli and Daman and Diu,DN,2024-09-01,9.91,998.03
Delhi,DL,2024-09-01,421.2,50173.14
Goa,GA,2024-09-01,27.3,3820.31
Gujarat,GJ,2024-09-01,451.88,68576.37
Haryana,HR,2024-09-01,338.58,46386.4
Himachal Pradesh,HP,2024-09-01,49.18,6379.72
Jammu and Kashmir,JK,2024-09-01,65.19,9238.54
Jharkhand,JH,2024-09-01,157.39,20697.4
Karnataka,KA,2024-09-01,1177.67,160384.81
Kerala,KL,2024-09-01,328.85,45855.58
Ladakh,LA,2024-09-01,3.34,668.7
Lakshadweep,LD,2024-09-01,0.36,41.72
Madhya Pradesh,MP,2024-09-01,530.34,67023.14
Maharashtra,MH,2024-09-01,1921.65,236569.03
Manipur,MN,2024-09-01,8.17,1910.52
Meghalaya,ML,2024-09-01,10.49,1520.91
Mizoram,MZ,2024-09-01,7.35,1279.85
Nagaland,NL,2024-09-01,8.16,1468.38
Odisha,OR,2024-09-01,330.33,40771.74
Puducherry,PY,2024-09-01,14.88,2074.71
Punjab,PB,2024-09-01,175.3,27746.05
Rajasthan,RJ,2024-09-01,611.85,86708.82
Sikkim,SK,2024-09-01,6.08,864.13
Tamil Nadu,TN,2024-09-01,677.22,104511.95
Telangana,TG,2024-09-01,903.59,138868.45
Tripura,TR,2024-09-01,10.68,1580.23
Uttar Pradesh,UP,2024-09-01,934.8,120545.17
Uttarakhand,UK,2024-09-01,96.9,11894.78
West Bengal,WB,2024-09-01,433.3,68329.39
Andaman and Nicobar Islands,AN,2024-10-01,3.36,567.76
Andhra Pradesh,AP,2024-10-01,590.87,104286.56
Arunachal Pradesh,AR,2024-10-01,15.67,2136.93
Assam,AS,2024-10-01,194.5,23299.91
Bihar,BR,2024-10-01,526.07,75323.7
Chandigarh,CH,2024-10-01,27.82,3597.79
Chhattisgarh,CG,2024-10-01,157.99,21085.47
Dadra and Nagar Haveli and Daman and Diu,DN,2024-10-01,11.26,1182.64
Delhi,DL,2024-10-01,464.76,56868.8
Goa,GA,2024-10-01,31.08,4357.6
Gujarat,GJ,2024-10-01,523.09,84525.81
Haryana,HR,2024-10-01,371.79,53130.4
Himachal Pradesh,HP,2024-10-01,56.14,7815.12
Jammu and Kashmir,JK,2024-10-01,71.73,10953
Jharkhand,JH,2024-10-01,188.38,25349.09
Karnataka,KA,2024-10-01,1233.2,170913.06
Kerala,KL,2024-10-01,345.6,46868.53
Ladakh,LA,2024-10-01,3.21,680.84
Lakshadweep,LD,2024-10-01,0.42,48.19
Madhya Pradesh,MP,2024-10-01,571.11,76062.12
Maharashtra,MH,2024-10-01,2179.81,281102.94
Manipur,MN,2024-10-01,10.71,2472.36
Meghalaya,ML,2024-10-01,11.17,1637.22
Mizoram,MZ,2024-10-01,8.29,1434.5
Nagaland,NL,2024-10-01,10.07,1737.54
Odisha,OR,2024-10-01,356.17,45861.83
Puducherry,PY,2024-10-01,16.19,2271.73
Punjab,PB,2024-10-01,191.35,31784.38
Rajasthan,RJ,2024-10-01,670.95,101450.43
Sikkim,SK,2024-10-01,6.64,1025.11
Tamil Nadu,TN,2024-10-01,716.36,112218.72
Telangana,TG,2024-10-01,958.36,148396.28
Tripura,TR,2024-10-01,11.68,1721.97
Uttar Pradesh,UP,2024-10-01,1054.58,143596.48
Uttarakhand,UK,2024-10-01,118.69,15437.66
West Bengal,WB,2024-10-01,478.37,74530.28
Andaman and Nicobar Islands,AN,2024-11-01,3.4,564.94
Andhra Pradesh,AP,2024-11-01,588.66,100931.78
Arunachal Pradesh,AR,2024-11-01,16.09,2166.79
Assam,AS,2024-11-01,196.97,23338.48
Bihar,BR,2024-11-01,535.28,78776.84
Chandigarh,CH,2024-11-01,25.13,3289.62
Chhattisgarh,CG,2024-11-01,139.98,17873.5
Dadra and Nagar Haveli and Daman and Diu,DN,2024-11-01,10.38,1053.99
Delhi,DL,2024-11-01,441.99,55291.59
Goa,GA,2024-11-01,31.72,4419.48
Gujarat,GJ,2024-11-01,447.82,65671.33
Haryana,HR,2024-11-01,346.02,51552.8
Himachal Pradesh,HP,2024-11-01,52.29,6997.02
Jammu and Kashmir,JK,2024-11-01,70,10163.69
Jharkhand,JH,2024-11-01,182.02,24110.49
Karnataka,KA,2024-11-01,1204.97,163394.2
Kerala,KL,2024-11-01,343.35,46483.04
Ladakh,LA,2024-11-01,2.79,535.36
Lakshadweep,LD,2024-11-01,0.45,51.53
Madhya Pradesh,MP,2024-11-01,534.77,71168.69
Maharashtra,MH,2024-11-01,1967.07,243220.45
Manipur,MN,2024-11-01,7.88,1952.61
Meghalaya,ML,2024-11-01,12.36,1769.21
Mizoram,MZ,2024-11-01,9.03,1574.35
Nagaland,NL,2024-11-01,10.26,1791.99
Odisha,OR,2024-11-01,354.18,44116.28
Puducherry,PY,2024-11-01,15.08,2069.73
Punjab,PB,2024-11-01,184.09,32257.61
Rajasthan,RJ,2024-11-01,621.05,95807.51
Sikkim,SK,2024-11-01,6.36,908.47
Tamil Nadu,TN,2024-11-01,685.76,104101.32
Telangana,TG,2024-11-01,938.62,145611.57
Tripura,TR,2024-11-01,11.72,1727.38
Uttar Pradesh,UP,2024-11-01,1044.79,145688.84
Uttarakhand,UK,2024-11-01,112.61,14691.68
West Bengal,WB,2024-11-01,460.4,71880.33
Andaman and Nicobar Islands,AN,2024-12-01,3.8,634.86
Andhra Pradesh,AP,2024-12-01,638.46,109740.45
Arunachal Pradesh,AR,2024-12-01,17.76,2488.91
Assam,AS,2024-12-01,217,26381.26
Bihar,BR,2024-12-01,542.86,81316.39
Chandigarh,CH,2024-12-01,27.53,3623.79
Chhattisgarh,CG,2024-12-01,154.78,20357.81
Dadra and Nagar Haveli and Daman and Diu,DN,2024-12-01,11.07,1132.38
Delhi,DL,2024-12-01,487.57,60484.71
Goa,GA,2024-12-01,38.15,5427.06
Gujarat,GJ,2024-12-01,513.73,80180.1
Haryana,HR,2024-12-01,372.39,54975.91
Himachal Pradesh,HP,2024-12-01,57.01,7459.08
Jammu and Kashmir,JK,2024-12-01,74.38,10532.87
Jharkhand,JH,2024-12-01,191.78,26267.62
Karnataka,KA,2024-12-01,1294.78,175534.51
Kerala,KL,2024-12-01,369.76,50206.18
Ladakh,LA,2024-12-01,2.68,517.94
Lakshadweep,LD,2024-12-01,0.5,55.51
Madhya Pradesh,MP,2024-12-01,576.28,76689.59
Maharashtra,MH,2024-12-01,2231,273245.11
Manipur,MN,2024-12-01,9.68,2442.36
Meghalaya,ML,2024-12-01,14.09,2184.57
Mizoram,MZ,2024-12-01,9.49,1711.09
Nagaland,NL,2024-12-01,10.99,2024.3
Odisha,OR,2024-12-01,375.25,47492.3
Puducherry,PY,2024-12-01,16.13,2217.22
Punjab,PB,2024-12-01,193.15,34024.27
Rajasthan,RJ,2024-12-01,668.56,102952.49
Sikkim,SK,2024-12-01,7.47,1115.33
Tamil Nadu,TN,2024-12-01,746.07,111759.26
Telangana,TG,2024-12-01,993.83,159350.81
Tripura,TR,2024-12-01,12.49,1886.49
Uttar Pradesh,UP,2024-12-01,1105.66,152791.39
Uttarakhand,UK,2024-12-01,114.11,14712.65
West Bengal,WB,2024-12-01,501.77,79252.88
Andaman and Nicobar Islands,AN,2025-01-01,3.73,629.14
Andhra Pradesh,AP,2025-01-01,551.81,98020
Arunachal Pradesh,AR,2025-01-01,16.97,2371.65
Assam,AS,2025-01-01,187.71,23159.08
Bihar,BR,2025-01-01,415.4,63434.86
Chandigarh,CH,2025-01-01,24.3,3114
Chhattisgarh,CG,2025-01-01,134.18,18521.36
Dadra and Nagar Haveli and Daman and Diu,DN,2025-01-01,10.77,1116.37
Delhi,DL,2025-01-01,410.65,52720
Goa,GA,2025-01-01,35.15,5030
Gujarat,GJ,2025-01-01,482.44,75270.23
Haryana,HR,2025-01-01,339.78,50647
Himachal Pradesh,HP,2025-01-01,52.98,7024.65
Jammu and Kashmir,JK,2025-01-01,68.04,9399.84
Jharkhand,JH,2025-01-01,165.9,22976
Karnataka,KA,2025-01-01,1133.57,155521
Kerala,KL,2025-01-01,373.18,51570
Ladakh,LA,2025-01-01,2.4,443.79
Lakshadweep,LD,2025-01-01,0.54,62.42
Madhya Pradesh,MP,2025-01-01,476.41,65025.01
Maharashtra,MH,2025-01-01,2126.33,252411
Manipur,MN,2025-01-01,11.37,2648.55
Meghalaya,ML,2025-01-01,10.99,1672.86
Mizoram,MZ,2025-01-01,8.72,1467.61
Nagaland,NL,2025-01-01,9.03,1636.33
Odisha,OR,2025-01-01,302.73,41451
Puducherry,PY,2025-01-01,16.83,2360.06
Punjab,PB,2025-01-01,185.78,33047.11
Rajasthan,RJ,2025-01-01,543.59,85277
Sikkim,SK,2025-01-01,6.6,958.74
Tamil Nadu,TN,2025-01-01,715.49,108619
Telangana,TG,2025-01-01,800.24,128255
Tripura,TR,2025-01-01,12.56,1860.53
Uttar Pradesh,UP,2025-01-01,952.1,133054
Uttarakhand,UK,2025-01-01,99.47,12991.82
West Bengal,WB,2025-01-01,427.1,67764
Andaman and Nicobar Islands,AN,2025-02-01,3.73,629.14
Andhra Pradesh,AP,2025-02-01,551.81,98020
Arunachal Pradesh,AR,2025-02-01,16.97,2371.65
Assam,AS,2025-02-01,187.71,23159.08
Bihar,BR,2025-02-01,415.4,63434.86
Chandigarh,CH,2025-02-01,24.3,3114
Chhattisgarh,CG,2025-02-01,134.18,18521.36
Dadra and Nagar Haveli and Daman and Diu,DN,2025-02-01,10.77,1116.37
Delhi,DL,2025-02-01,410.65,52720
Goa,GA,2025-02-01,35.15,5030
Gujarat,GJ,2025-02-01,482.44,75270.23
Haryana,HR,2025-02-01,339.78,50647
Himachal Pradesh,HP,2025-02-01,52.98,7024.65
Jammu and Kashmir,JK,2025-02-01,68.04,9399.84
Jharkhand,JH,2025-02-01,165.9,22976
Karnataka,KA,2025-02-01,1133.57,155521
Kerala,KL,2025-02-01,373.18,51570
Ladakh,LA,2025-02-01,2.4,443.79
Lakshadweep,LD,2025-02-01,0.54,62.42
Madhya Pradesh,MP,2025-02-01,476.41,65025.01
Maharashtra,MH,2025-02-01,2126.33,252411
Manipur,MN,2025-02-01,11.37,2648.55
Meghalaya,ML,2025-02-01,10.99,1672.86
Mizoram,MZ,2025-02-01,8.72,1467.61
Nagaland,NL,2025-02-01,9.03,1636.33
Odisha,OR,2025-02-01,302.73,41451
Puducherry,PY,2025-02-01,16.83,2360.06
Punjab,PB,2025-02-01,185.78,33047.11
Rajasthan,RJ,2025-02-01,543.59,85277
Sikkim,SK,2025-02-01,6.6,958.74
Tamil Nadu,TN,2025-02-01,715.49,108619
Telangana,TG,2025-02-01,800.24,128255
Tripura,TR,2025-02-01,12.56,1860.53
Uttar Pradesh,UP,2025-02-01,952.1,133054
Uttarakhand,UK,2025-02-01,99.47,12991.82
West Bengal,WB,2025-02-01,427.1,67764
Andaman and Nicobar Islands,AN,2025-03-01,3.66,597.85
Andhra Pradesh,AP,2025-03-01,524.69,93739.59
Arunachal Pradesh,AR,2025-03-01,17.7,2450.07
Assam,AS,2025-03-01,181.37,22815.27
Bihar,BR,2025-03-01,414.96,64098.56
Chandigarh,CH,2025-03-01,24.74,3054.21
Chhattisgarh,CG,2025-03-01,128.15,17043.76
Dadra and Nagar Haveli and Daman and Diu,DN,2025-03-01,10.57,1095.97
Delhi,DL,2025-03-01,419.25,53531.51
Goa,GA,2025-03-01,32.62,4518.59
Gujarat,GJ,2025-03-01,470.83,70343.32
Haryana,HR,2025-03-01,346.8,49619.26
Himachal Pradesh,HP,2025-03-01,57.13,7048.59
Jammu and Kashmir,JK,2025-03-01,71.77,10046.35
Jharkhand,JH,2025-03-01,166.62,23760.23
Karnataka,KA,2025-03-01,1092.86,152072.42
Kerala,KL,2025-03-01,353.95,50645.7
Ladakh,LA,2025-03-01,2.55,419.6
Lakshadweep,LD,2025-03-01,0.52,64.59
Madhya Pradesh,MP,2025-03-01,427.85,58146.44
Maharashtra,MH,2025-03-01,2195.56,254485.23
Manipur,MN,2025-03-01,12.02,2655.73
Meghalaya,ML,2025-03-01,13.07,1880.92
Mizoram,MZ,2025-03-01,10.02,1681.13
Nagaland,NL,2025-03-01,9.97,1726.32
Odisha,OR,2025-03-01,281.28,38771.5
Puducherry,PY,2025-03-01,16.94,2340.69
Punjab,PB,2025-03-01,194.7,33048.66
Rajasthan,RJ,2025-03-01,515.61,78119.12
Sikkim,SK,2025-03-01,7.77,1063.13
Tamil Nadu,TN,2025-03-01,730.26,111554.31
Telangana,TG,2025-03-01,784.35,124966.41
Tripura,TR,2025-03-01,13.16,1871.46
Uttar Pradesh,UP,2025-03-01,962.13,134045.16
Uttarakhand,UK,2025-03-01,105.37,13275.09
West Bengal,WB,2025-03-01,405.81,64647.94
Andaman and Nicobar Islands,AN,2025-04-01,3.79,619.48
Andhra Pradesh,AP,2025-04-01,602.36,105315.39
Arunachal Pradesh,AR,2025-04-01,18.42,2612.54
Assam,AS,2025-04-01,218.83,25997.91
Bihar,BR,2025-04-01,577.79,82713.97
Chandigarh,CH,2025-04-01,29.74,3711.18
Chhattisgarh,CG,2025-04-01,152.75,19636.2
Dadra and Nagar Haveli and Daman and Diu,DN,2025-04-01,11.91,1205.3
Delhi,DL,2025-04-01,527,64152.87
Goa,GA,2025-04-01,36.36,5041.14
Gujarat,GJ,2025-04-01,538.57,77374.37
Haryana,HR,2025-04-01,410.35,57581.17
Himachal Pradesh,HP,2025-04-01,64.32,7821.2
Jammu and Kashmir,JK,2025-04-01,88.43,11544.77
Jharkhand,JH,2025-04-01,206.06,28022.42
Karnataka,KA,2025-04-01,1263.4,173465.79
Kerala,KL,2025-04-01,362.28,50824.24
Ladakh,LA,2025-04-01,3.63,651.93
Lakshadweep,LD,2025-04-01,0.5,60.39
Madhya Pradesh,MP,2025-04-01,575.99,77961.24
Maharashtra,MH,2025-04-01,2382.34,278375.41
Manipur,MN,2025-04-01,13.51,2844.24
Meghalaya,ML,2025-04-01,14.32,1971.84
Mizoram,MZ,2025-04-01,9.76,1555.83
Nagaland,NL,2025-04-01,10.89,1769.78
Odisha,OR,2025-04-01,362.01,44717.27
Puducherry,PY,2025-04-01,17.44,2384.85
Punjab,PB,2025-04-01,212.04,34535.98
Rajasthan,RJ,2025-04-01,668.4,98142.13
Sikkim,SK,2025-04-01,8.65,1221.5
Tamil Nadu,TN,2025-04-01,776.9,115363.33
Telangana,TG,2025-04-01,949.72,147127.52
Tripura,TR,2025-04-01,13.94,1936.41
Uttar Pradesh,UP,2025-04-01,1206.85,159811.36
Uttarakhand,UK,2025-04-01,125.79,15444.37
West Bengal,WB,2025-04-01,500.08,74892.26
Andaman and Nicobar Islands,AN,2025-05-01,3.95,630.83
Andhra Pradesh,AP,2025-05-01,681.45,119081.99
Arunachal Pradesh,AR,2025-05-01,21.01,2768.13
Assam,AS,2025-05-01,251.67,28542.68
Bihar,BR,2025-05-01,677.1,98286.45
Chandigarh,CH,2025-05-01,32.69,4158.48
Chhattisgarh,CG,2025-05-01,170.88,21544.12
Dadra and Nagar Haveli and Daman and Diu,DN,2025-05-01,12.48,1306.18
Delhi,DL,2025-05-01,605.31,72520.26
Goa,GA,2025-05-01,40.1,5659.28
Gujarat,GJ,2025-05-01,585.79,85134.34
Haryana,HR,2025-05-01,462.67,65952.89
Himachal Pradesh,HP,2025-05-01,68.39,8430.37
Jammu and Kashmir,JK,2025-05-01,94.39,11815.9
Jharkhand,JH,2025-05-01,229.1,30563.83
Karnataka,KA,2025-05-01,1443.05,200378.42
Kerala,KL,2025-05-01,397.08,56646.28
Ladakh,LA,2025-05-01,4.33,724.92
Lakshadweep,LD,2025-05-01,0.52,59.61
Madhya Pradesh,MP,2025-05-01,688.25,92795.08
Maharashtra,MH,2025-05-01,2463.88,297260.99
Manipur,MN,2025-05-01,15.37,3092.24
Meghalaya,ML,2025-05-01,16.86,2289.9
Mizoram,MZ,2025-05-01,10.92,1750.44
Nagaland,NL,2025-05-01,12.5,1943.79
Odisha,OR,2025-05-01,416.5,52003.42
Puducherry,PY,2025-05-01,18.93,2644.69
Punjab,PB,2025-05-01,224.47,38466.52
Rajasthan,RJ,2025-05-01,763.44,112439.7
Sikkim,SK,2025-05-01,9.76,1358.66
Tamil Nadu,TN,2025-05-01,859.85,130583.67
Telangana,TG,2025-05-01,1088.58,174971.59
Tripura,TR,2025-05-01,14.82,1968.89
Uttar Pradesh,UP,2025-05-01,1401.43,182118.99
Uttarakhand,UK,2025-05-01,141.43,17646.59
West Bengal,WB,2025-05-01,579.06,87037.14
Andaman and Nicobar Islands,AN,2025-06-01,3.23,481.96
Andhra Pradesh,AP,2025-06-01,496.56,87072.27
Arunachal Pradesh,AR,2025-06-01,17.84,2271.25
Assam,AS,2025-06-01,181.11,19849.88
Bihar,BR,2025-06-01,393.05,59059.01
Chandigarh,CH,2025-06-01,22.92,2742.47
Chhattisgarh,CG,2025-06-01,120.57,15492.34
Dadra and Nagar Haveli and Daman and Diu,DN,2025-06-01,9.47,1020.22
Delhi,DL,2025-06-01,420.11,50811.91
Goa,GA,2025-06-01,28.76,4053.68
Gujarat,GJ,2025-06-01,440.93,64058.92
Haryana,HR,2025-06-01,361.02,48951.4
Himachal Pradesh,HP,2025-06-01,58.14,7262.4
Jammu and Kashmir,JK,2025-06-01,76.74,9485.08
Jharkhand,JH,2025-06-01,155.8,20667.56
Karnataka,KA,2025-06-01,1000.66,134850.46
Kerala,KL,2025-06-01,332.83,46102.32
Ladakh,LA,2025-06-01,4.21,680.01
Lakshadweep,LD,2025-06-01,0.49,47.78
Madhya Pradesh,MP,2025-06-01,386.82,52055.1
Maharashtra,MH,2025-06-01,1741.88,211433.62
Manipur,MN,2025-06-01,10.79,2212.05
Meghalaya,ML,2025-06-01,13.25,1743.02
Mizoram,MZ,2025-06-01,9.9,1501.27
Nagaland,NL,2025-06-01,10.09,1506.22
Odisha,OR,2025-06-01,247.92,31882.11
Puducherry,PY,2025-06-01,16.65,2250.01
Punjab,PB,2025-06-01,187.82,30674.02
Rajasthan,RJ,2025-06-01,478.63,69889.1
Sikkim,SK,2025-06-01,7.61,973.53
Tamil Nadu,TN,2025-06-01,699.34,105130.55
Telangana,TG,2025-06-01,738.37,118822.08
Tripura,TR,2025-06-01,12.51,1607.37
Uttar Pradesh,UP,2025-06-01,972.29,123844.58
Uttarakhand,UK,2025-06-01,110.35,13596.45
West Bengal,WB,2025-06-01,396.75,57448.44
Andaman and Nicobar Islands,AN,2025-07-01,3.69,551.63
Andhra Pradesh,AP,2025-07-01,535.33,93508.25
Arunachal Pradesh,AR,2025-07-01,21.14,2771.17
Assam,AS,2025-07-01,197.75,21802.15
Bihar,BR,2025-07-01,405.54,58775.41
Chandigarh,CH,2025-07-01,26.05,3244.66
Chhattisgarh,CG,2025-07-01,129.34,16474.9
Dadra and Nagar Haveli and Daman and Diu,DN,2025-07-01,10.43,1115.18
Delhi,DL,2025-07-01,468.19,58845.62
Goa,GA,2025-07-01,30.59,4347.72
Gujarat,GJ,2025-07-01,501.34,74010.9
Haryana,HR,2025-07-01,397.29,54916.93
Himachal Pradesh,HP,2025-07-01,56.85,7153.07
Jammu and Kashmir,JK,2025-07-01,85.58,10998.69
Jharkhand,JH,2025-07-01,167.61,21496.22
Karnataka,KA,2025-07-01,1067.74,144605.61
Kerala,KL,2025-07-01,369.33,51875.51
Ladakh,LA,2025-07-01,4.68,821.56
Lakshadweep,LD,2025-07-01,0.54,53.09
Madhya Pradesh,MP,2025-07-01,420.83,55546.05
Maharashtra,MH,2025-07-01,1905.45,230572.42
Manipur,MN,2025-07-01,14.39,2877.94
Meghalaya,ML,2025-07-01,15.5,2093.59
Mizoram,MZ,2025-07-01,11.46,1702.6
Nagaland,NL,2025-07-01,11.8,1754.04
Odisha,OR,2025-07-01,263.74,33890.22
Puducherry,PY,2025-07-01,18.45,2521.15
Punjab,PB,2025-07-01,210.05,34831.65
Rajasthan,RJ,2025-07-01,527.21,76044.26
Sikkim,SK,2025-07-01,8.19,1044.52
Tamil Nadu,TN,2025-07-01,778.83,117090.44
Telangana,TG,2025-07-01,791.46,126739.73
Tripura,TR,2025-07-01,14.24,1891.8
Uttar Pradesh,UP,2025-07-01,1031.94,131885.79
Uttarakhand,UK,2025-07-01,111.48,13515.41
West Bengal,WB,2025-07-01,425.54,62144.42
Andaman and Nicobar Islands,AN,2025-08-01,3.77,551.26
Andhra Pradesh,AP,2025-08-01,551.48,92181.84
Arunachal Pradesh,AR,2025-08-01,21.4,2707.2
Assam,AS,2025-08-01,203.78,21464.88
Bihar,BR,2025-08-01,399.25,55622.06
Chandigarh,CH,2025-08-01,26.58,3188.55
Chhattisgarh,CG,2025-08-01,134.57,16358.88
Dadra and Nagar Haveli and Daman and Diu,DN,2025-08-01,10.82,1112.7
Delhi,DL,2025-08-01,487.28,59774.16
Goa,GA,2025-08-01,32.27,4537.72
Gujarat,GJ,2025-08-01,515.15,73518.28
Haryana,HR,2025-08-01,401.3,53984.25
Himachal Pradesh,HP,2025-08-01,54.88,6738.67
Jammu and Kashmir,JK,2025-08-01,81.02,10254.43
Jharkhand,JH,2025-08-01,171.24,21569.36
Karnataka,KA,2025-08-01,1077.76,142488.77
Kerala,KL,2025-08-01,399.48,56071.45
Ladakh,LA,2025-08-01,4.48,781.31
Lakshadweep,LD,2025-08-01,0.56,55.68
Madhya Pradesh,MP,2025-08-01,436.1,55552.05
Maharashtra,MH,2025-08-01,1985.58,232558.18
Manipur,MN,2025-08-01,14.85,2861.63
Meghalaya,ML,2025-08-01,15.91,2008.23
Mizoram,MZ,2025-08-01,11.86,1704.97
Nagaland,NL,2025-08-01,12.24,1752.82
Odisha,OR,2025-08-01,277.85,34040.3
Puducherry,PY,2025-08-01,18.83,2548.23
Punjab,PB,2025-08-01,211.76,33563.64
Rajasthan,RJ,2025-08-01,541.39,74949.8
Sikkim,SK,2025-08-01,8.11,988.11
Tamil Nadu,TN,2025-08-01,799.24,118149.83
Telangana,TG,2025-08-01,803.98,122333.79
Tripura,TR,2025-08-01,14.59,1874.19
Uttar Pradesh,UP,2025-08-01,1059.4,131586.5
Uttarakhand,UK,2025-08-01,108.74,12976.53
West Bengal,WB,2025-08-01,436.15,62202.65
Andaman and Nicobar Islands,AN,2025-09-01,3.67,561.59
Andhra Pradesh,AP,2025-09-01,537.17,90881.68
Arunachal Pradesh,AR,2025-09-01,21.02,2672.74
Assam,AS,2025-09-01,198.7,21541.07
Bihar,BR,2025-09-01,396.78,57313.62
Chandigarh,CH,2025-09-01,26.78,3269.59
Chhattisgarh,CG,2025-09-01,130.25,16200.81
Dadra and Nagar Haveli and Daman and Diu,DN,2025-09-01,10.35,1114.65
Delhi,DL,2025-09-01,491.29,61354.33
Goa,GA,2025-09-01,32.28,4603
Gujarat,GJ,2025-09-01,515.11,75403.93
Haryana,HR,2025-09-01,402.1,55079.83
Himachal Pradesh,HP,2025-09-01,53.1,6899.72
Jammu and Kashmir,JK,2025-09-01,78,10480.68
Jharkhand,JH,2025-09-01,169.52,22201.63
Karnataka,KA,2025-09-01,1060.37,143932.39
Kerala,KL,2025-09-01,396.26,55742
Ladakh,LA,2025-09-01,3.76,681.25
Lakshadweep,LD,2025-09-01,0.55,57.82
Madhya Pradesh,MP,2025-09-01,420.54,54092.94
Maharashtra,MH,2025-09-01,1973.44,236052.07
Manipur,MN,2025-09-01,14.71,2876.08
Meghalaya,ML,2025-09-01,15.56,2043.82
Mizoram,MZ,2025-09-01,12.4,1801.33
Nagaland,NL,2025-09-01,12.21,1786.09
Odisha,OR,2025-09-01,269.19,34741.86
Puducherry,PY,2025-09-01,18.13,2512.47
Punjab,PB,2025-09-01,212.73,34593.51
Rajasthan,RJ,2025-09-01,519.12,73664.21
Sikkim,SK,2025-09-01,8.51,1132.35
Tamil Nadu,TN,2025-09-01,780.35,118940.73
Telangana,TG,2025-09-01,795.5,123214.19
Tripura,TR,2025-09-01,15.6,2140.32
Uttar Pradesh,UP,2025-09-01,1036.09,132034.73
Uttarakhand,UK,2025-09-01,108.04,13117.86
West Bengal,WB,2025-09-01,446.23,66198.25
Andaman and Nicobar Islands,AN,2025-10-01,4.11,658.62
Andhra Pradesh,AP,2025-10-01,559.76,96804.61
Arunachal Pradesh,AR,2025-10-01,21.57,2796.38
Assam,AS,2025-10-01,205.38,22054.63
Bihar,BR,2025-10-01,450.63,66192.56
Chandigarh,CH,2025-10-01,27.9,3639.56
Chhattisgarh,CG,2025-10-01,140.51,18674.41
Dadra and Nagar Haveli and Daman and Diu,DN,2025-10-01,11.45,1285.07
Delhi,DL,2025-10-01,509.59,67595.24
Goa,GA,2025-10-01,35.89,5282.52
Gujarat,GJ,2025-10-01,534.08,85444.71
Haryana,HR,2025-10-01,420.32,62164.88
Himachal Pradesh,HP,2025-10-01,61.96,8658.35
Jammu and Kashmir,JK,2025-10-01,87.23,12529.98
Jharkhand,JH,2025-10-01,182.17,24168.3
Karnataka,KA,2025-10-01,1086.64,150900.53
Kerala,KL,2025-10-01,418.45,58242.07
Ladakh,LA,2025-10-01,3,663.27
Lakshadweep,LD,2025-10-01,0.6,64.14
Madhya Pradesh,MP,2025-10-01,451.87,61257.18
Maharashtra,MH,2025-10-01,2146.3,267656.87
Manipur,MN,2025-10-01,16.17,3286.9
Meghalaya,ML,2025-10-01,16.36,2185.06
Mizoram,MZ,2025-10-01,13.7,1971.75
Nagaland,NL,2025-10-01,12.84,1907.98
Odisha,OR,2025-10-01,283.56,36507.19
Puducherry,PY,2025-10-01,19.35,2750.37
Punjab,PB,2025-10-01,230.69,40156.23
Rajasthan,RJ,2025-10-01,549.28,84940.47
Sikkim,SK,2025-10-01,7.59,1014.3
Tamil Nadu,TN,2025-10-01,812.02,128292.11
Telangana,TG,2025-10-01,836.27,130835.09
Tripura,TR,2025-10-01,15.1,1955.12
Uttar Pradesh,UP,2025-10-01,1136.16,153595.1
Uttarakhand,UK,2025-10-01,119.77,15792.93
West Bengal,WB,2025-10-01,447.84,65188.51
Andaman and Nicobar Islands,AN,2025-11-01,4.22,662.1
Andhra Pradesh,AP,2025-11-01,563.45,93846.52
Arunachal Pradesh,AR,2025-11-01,21.79,2852.69
Assam,AS,2025-11-01,212.71,23038.37
Bihar,BR,2025-11-01,456.53,66454.52
Chandigarh,CH,2025-11-01,27.17,3431.5
Chhattisgarh,CG,2025-11-01,136.64,17074.67
Dadra and Nagar Haveli and Daman and Diu,DN,2025-11-01,10.44,1140.73
Delhi,DL,2025-11-01,491.14,64440.35
Goa,GA,2025-11-01,36.33,5222.28
Gujarat,GJ,2025-11-01,510.56,76129.09
Haryana,HR,2025-11-01,402.11,58994.49
Himachal Pradesh,HP,2025-11-01,58.58,7825.51
Jammu and Kashmir,JK,2025-11-01,83.52,11668.35
Jharkhand,JH,2025-11-01,178.47,23547.39
Karnataka,KA,2025-11-01,1105.63,150262.03
Kerala,KL,2025-11-01,416.28,57144.28
Ladakh,LA,2025-11-01,3.3,607.85
Lakshadweep,LD,2025-11-01,0.64,68.1
Madhya Pradesh,MP,2025-11-01,444.92,59792.96
Maharashtra,MH,2025-11-01,2152.82,250787.01
Manipur,MN,2025-11-01,15.77,3133.61
Meghalaya,ML,2025-11-01,16.85,2294.28
Mizoram,MZ,2025-11-01,13.33,2021.97
Nagaland,NL,2025-11-01,12.99,2000.56
Odisha,OR,2025-11-01,288.64,36149.1
Puducherry,PY,2025-11-01,18.57,2562.42
Punjab,PB,2025-11-01,221.74,39570.9
Rajasthan,RJ,2025-11-01,530.23,81243.65
Sikkim,SK,2025-11-01,8.71,1125.59
Tamil Nadu,TN,2025-11-01,813.85,123549.07
Telangana,TG,2025-11-01,851.25,131369.55
Tripura,TR,2025-11-01,15.36,2067.22
Uttar Pradesh,UP,2025-11-01,1118.9,152420.82
Uttarakhand,UK,2025-11-01,114.89,14826.57
West Bengal,WB,2025-11-01,449.67,65964.8
Andaman and Nicobar Islands,AN,2025-12-01,4.64,743.64
Andhra Pradesh,AP,2025-12-01,609.84,102547.67
Arunachal Pradesh,AR,2025-12-01,21.96,3004.14
Assam,AS,2025-12-01,226.36,24938.06
Bihar,BR,2025-12-01,453.98,66791.87
Chandigarh,CH,2025-12-01,28.15,3611.27
Chhattisgarh,CG,2025-12-01,145.48,18789.15
Dadra and Nagar Haveli and Daman and Diu,DN,2025-12-01,11.17,1226.22
Delhi,DL,2025-12-01,516.9,66575.96
Goa,GA,2025-12-01,40.24,5990.21
Gujarat,GJ,2025-12-01,555.31,86699.29
Haryana,HR,2025-12-01,418.1,61294.14
Himachal Pradesh,HP,2025-12-01,63.08,8446.08
Jammu and Kashmir,JK,2025-12-01,86.74,11912.84
Jharkhand,JH,2025-12-01,185.9,25154.32
Karnataka,KA,2025-12-01,1166.38,162279.52
Kerala,KL,2025-12-01,451.69,62079.79
Ladakh,LA,2025-12-01,3.03,554.47
Lakshadweep,LD,2025-12-01,0.69,73.3
Madhya Pradesh,MP,2025-12-01,468.42,64115.4
Maharashtra,MH,2025-12-01,2349.39,263704.89
Manipur,MN,2025-12-01,17.44,3504.46
Meghalaya,ML,2025-12-01,18.22,2509.94
Mizoram,MZ,2025-12-01,14.82,2281.39
Nagaland,NL,2025-12-01,13.85,2243.67
Odisha,OR,2025-12-01,304.59,39185.24
Puducherry,PY,2025-12-01,20.29,2793.2
Punjab,PB,2025-12-01,226.99,40564.96
Rajasthan,RJ,2025-12-01,557.06,85129.75
Sikkim,SK,2025-12-01,9.23,1263.74
Tamil Nadu,TN,2025-12-01,862.86,131083.27
Telangana,TG,2025-12-01,887.11,141323.58
Tripura,TR,2025-12-01,16.38,2229.75
Uttar Pradesh,UP,2025-12-01,1147.64,155131.4
Uttarakhand,UK,2025-12-01,119.35,15420.17
West Bengal,WB,2025-12-01,478.71,71148.03
Andaman and Nicobar Islands,AN,2026-01-01,4.69,766.8
Andhra Pradesh,AP,2026-01-01,628.21,108045.08
Arunachal Pradesh,AR,2026-01-01,21.62,2929.79
Assam,AS,2026-01-01,225.91,25109.2
Bihar,BR,2026-01-01,457.93,66830.36
Chandigarh,CH,2026-01-01,26.97,3590.15
Chhattisgarh,CG,2026-01-01,148.11,19980.27
Dadra and Nagar Haveli and Daman and Diu,DN,2026-01-01,11.55,1277.67
Delhi,DL,2026-01-01,513.35,68286.14
Goa,GA,2026-01-01,40.35,6064.79
Gujarat,GJ,2026-01-01,568.86,88272.48
Haryana,HR,2026-01-01,413.35,61236.56
Himachal Pradesh,HP,2026-01-01,60.3,8159.92
Jammu and Kashmir,JK,2026-01-01,83.76,11368.46
Jharkhand,JH,2026-01-01,188.64,25461.44
Karnataka,KA,2026-01-01,1165.05,164652.55
Kerala,KL,2026-01-01,460.69,64883.42
Ladakh,LA,2026-01-01,2.79,495.82
Lakshadweep,LD,2026-01-01,0.71,78.77
Madhya Pradesh,MP,2026-01-01,475.09,65429.2
Maharashtra,MH,2026-01-01,2271.25,267028.17
Manipur,MN,2026-01-01,16.89,3378.44
Meghalaya,ML,2026-01-01,15.75,2068.07
Mizoram,MZ,2026-01-01,13.04,1900.16
Nagaland,NL,2026-01-01,12.33,1929.86
Odisha,OR,2026-01-01,311.05,41468.18
Puducherry,PY,2026-01-01,20.72,2922.9
Punjab,PB,2026-01-01,223.53,40470.97
Rajasthan,RJ,2026-01-01,559.76,85532.43
Sikkim,SK,2026-01-01,9.08,1232.64
Tamil Nadu,TN,2026-01-01,859.4,132611.23
Telangana,TG,2026-01-01,870.99,139218.72
Tripura,TR,2026-01-01,16.67,2279.56
Uttar Pradesh,UP,2026-01-01,1130.54,153987.1
Uttarakhand,UK,2026-01-01,116.28,15316.91
West Bengal,WB,2026-01-01,493.61,73684.08
